{
    "loss": 17.427820205688477,
    "accuracy": 0.461794912815094
}